area,bedrooms,bathrooms,floors,age,parking,furnishing,location,price
1360,2,1,2,15,2,semi-furnished,rural,4217736
4272,3,3,1,18,2,unfurnished,urban,13111470
3592,1,2,1,15,0,semi-furnished,suburban,10922395
966,1,2,2,6,2,unfurnished,urban,3232953
4926,2,1,2,13,1,semi-furnished,rural,14866507
3944,5,3,1,27,2,unfurnished,suburban,12124969
3671,1,2,1,13,1,semi-furnished,rural,11094493
3419,1,1,1,24,2,unfurnished,suburban,10233523
630,3,3,1,26,0,semi-furnished,rural,1946923
2185,4,2,2,3,2,furnished,suburban,7162190
1269,2,2,1,25,1,semi-furnished,suburban,3874761
2891,2,3,2,14,1,unfurnished,suburban,8904169
2933,5,3,2,2,2,furnished,suburban,9484641
1684,5,3,2,4,1,semi-furnished,rural,5424990
3885,2,3,1,0,1,furnished,rural,12034661
4617,5,1,1,2,0,semi-furnished,suburban,14214419
3404,3,3,2,14,2,furnished,suburban,10646457
974,2,2,2,23,2,unfurnished,rural,2989600
1582,5,2,2,26,2,semi-furnished,suburban,5042102
3058,2,1,1,7,1,semi-furnished,suburban,9377085
2547,4,2,2,28,2,unfurnished,suburban,7888064
3247,1,2,1,3,2,furnished,urban,10251654
1475,2,3,2,1,0,unfurnished,suburban,4741130
2306,1,2,2,28,0,unfurnished,urban,6980042
689,5,1,2,23,0,furnished,suburban,2467134
3234,1,3,1,23,1,unfurnished,rural,9664982
3505,2,3,1,9,2,semi-furnished,urban,10943422
2399,4,1,2,3,0,semi-furnished,urban,7692185
1767,5,3,1,2,0,semi-furnished,suburban,5744477
2028,2,3,2,1,0,unfurnished,suburban,6446709
3702,5,1,1,24,2,semi-furnished,urban,11404716
4056,3,3,1,16,2,semi-furnished,rural,12356137
4390,1,1,1,22,2,semi-furnished,rural,13096018
1146,3,1,2,20,1,semi-furnished,suburban,3576061
3388,2,2,1,23,1,semi-furnished,rural,10112609
2935,4,2,1,19,0,semi-furnished,rural,8900371
1100,5,3,2,22,2,unfurnished,suburban,3673021
2863,1,3,2,12,0,semi-furnished,rural,8659805
2561,5,1,2,4,2,semi-furnished,suburban,8100857
741,2,3,2,29,2,furnished,urban,2554620
2541,5,1,1,20,2,unfurnished,suburban,7841177
3324,1,1,1,29,1,unfurnished,urban,10002111
3112,2,3,1,8,1,unfurnished,urban,9744578
1863,5,1,1,24,2,unfurnished,rural,5743181
1978,4,2,1,28,0,semi-furnished,rural,5993941
3056,2,3,2,24,2,semi-furnished,rural,9199826
1275,2,2,1,27,2,furnished,suburban,4008890
4514,4,3,1,21,0,furnished,rural,13844428
534,3,1,1,5,2,unfurnished,urban,2020031
3652,1,3,2,4,0,furnished,rural,11311020
2455,3,2,2,24,1,furnished,rural,7540495
2085,5,1,1,9,1,unfurnished,suburban,6583481
4443,4,3,2,7,0,unfurnished,suburban,13690267
3573,3,3,2,6,1,furnished,urban,11305743
1521,2,3,2,6,1,semi-furnished,suburban,4897800
3961,5,2,2,5,0,furnished,rural,12371773
3113,5,2,2,20,1,furnished,suburban,9806042
4343,3,3,2,28,2,semi-furnished,urban,13308476
2000,3,1,2,19,2,semi-furnished,rural,6152105
661,4,1,1,2,0,unfurnished,urban,2411552
4797,1,2,1,18,1,unfurnished,suburban,14496242
2481,3,1,2,21,2,furnished,suburban,7778772
1495,3,2,1,14,2,semi-furnished,urban,4828730
3842,2,3,1,3,1,unfurnished,rural,11724948
4298,5,2,2,27,1,furnished,suburban,13310311
1775,1,2,1,11,2,semi-furnished,suburban,5524093
1516,2,3,2,5,2,furnished,rural,4977123
837,4,1,2,18,0,unfurnished,suburban,2707535
1378,4,2,2,3,0,unfurnished,urban,4660490
1576,3,2,1,14,2,semi-furnished,suburban,4974562
4493,3,3,1,8,0,furnished,suburban,13968080
879,4,1,1,4,2,semi-furnished,rural,2915535
992,3,2,1,12,2,unfurnished,urban,3394991
2562,1,3,2,22,0,unfurnished,rural,7677269
4384,3,2,2,25,0,furnished,suburban,13472674
564,5,3,1,17,1,furnished,suburban,2164462
3068,3,1,2,29,1,furnished,rural,9297127
2527,2,1,2,29,1,semi-furnished,rural,7494147
3195,1,1,1,4,2,furnished,rural,9850528
1995,2,1,2,24,0,furnished,urban,6332095
891,2,2,1,15,2,unfurnished,suburban,2881931
4974,5,2,2,26,0,unfurnished,rural,15092925
4061,1,1,1,18,2,furnished,suburban,12429381
2778,1,1,2,13,1,furnished,urban,8783468
3599,1,1,2,24,1,unfurnished,urban,10950749
700,1,2,1,29,1,furnished,urban,2318672
3604,1,1,1,15,2,semi-furnished,urban,10985731
2954,5,1,1,26,0,semi-furnished,suburban,9026512
4145,3,1,1,14,0,semi-furnished,urban,12763658
1304,2,3,2,21,1,furnished,urban,4343024
3231,1,1,2,3,1,unfurnished,rural,9796832
3273,3,3,1,6,1,furnished,urban,10391332
2070,3,3,2,15,1,furnished,rural,6512467
3190,2,1,1,23,0,unfurnished,urban,9701025
4340,5,3,1,21,2,unfurnished,urban,13393107
1528,4,1,2,20,2,unfurnished,rural,4761994
1002,4,2,2,21,2,semi-furnished,urban,3420202
4993,3,2,1,20,2,furnished,suburban,15312481
1370,2,2,1,7,1,unfurnished,suburban,4312581
4988,4,2,1,16,1,furnished,urban,15499118
706,3,3,2,15,1,semi-furnished,suburban,2409638
1984,5,1,2,26,2,semi-furnished,rural,6050418
1363,4,1,2,22,1,unfurnished,urban,4442627
3290,3,1,2,9,1,unfurnished,urban,10239113
1063,3,2,1,9,0,furnished,rural,3533363
4691,1,2,1,26,0,unfurnished,rural,13976044
2257,5,1,1,1,1,furnished,rural,7280955
2178,1,2,1,29,0,unfurnished,urban,6605030
3742,2,1,1,8,0,furnished,rural,11427814
1559,1,1,1,16,1,furnished,rural,4856340
2222,1,1,2,10,1,furnished,suburban,6956024
3814,4,1,2,9,1,furnished,suburban,11945288
3657,3,1,1,21,1,semi-furnished,urban,11208836
3125,5,1,1,24,2,furnished,suburban,9702435
3229,1,1,2,16,2,unfurnished,suburban,9844084
2097,5,2,2,3,1,semi-furnished,rural,6691601
3560,1,1,2,15,0,semi-furnished,rural,10728416
3193,2,1,2,19,1,furnished,suburban,9822407
4127,1,2,1,14,1,semi-furnished,suburban,12559943
1863,4,2,1,24,0,furnished,suburban,5881940
2481,3,2,1,26,2,unfurnished,urban,7628666
2163,2,1,1,20,1,furnished,urban,6816122
2029,1,3,1,4,1,semi-furnished,urban,6422092
2538,5,3,2,5,2,unfurnished,suburban,8149645
3802,2,2,1,16,2,furnished,suburban,11712505
2737,2,3,2,0,0,unfurnished,urban,8667713
1806,1,2,1,24,2,unfurnished,urban,5572387
4529,2,1,1,18,2,semi-furnished,suburban,13710169
3175,5,3,1,3,2,unfurnished,rural,9938282
1782,2,1,1,16,0,semi-furnished,urban,5583511
1209,5,3,1,8,2,unfurnished,suburban,4068742
4913,1,1,2,23,2,furnished,suburban,14949522
4248,3,3,2,1,0,unfurnished,rural,13085132
1163,2,1,2,7,2,furnished,suburban,3968397
2498,3,1,1,14,2,furnished,suburban,7817880
3945,5,3,1,6,0,unfurnished,urban,12348454
4243,2,1,2,26,1,furnished,urban,13054711
1995,4,1,1,5,0,unfurnished,rural,6198539
3804,3,1,1,0,2,unfurnished,rural,11690321
4263,2,3,2,14,2,furnished,suburban,13246985
2353,3,3,1,22,2,furnished,urban,7473799
1791,2,1,2,25,0,semi-furnished,rural,5343102
4081,1,1,1,6,2,furnished,rural,12493726
3957,3,3,2,28,2,semi-furnished,rural,11949784
2136,4,3,1,29,0,furnished,suburban,6691333
4196,4,1,1,24,1,unfurnished,urban,12828828
3499,5,1,2,16,1,furnished,rural,10886526
3652,2,1,1,1,2,unfurnished,urban,11360362
1198,3,2,1,26,0,unfurnished,rural,3587997
2660,5,3,2,8,2,unfurnished,rural,8360341
4597,3,2,1,28,0,semi-furnished,urban,13930073
1354,2,3,2,8,0,furnished,urban,4566549
3974,4,3,1,12,1,unfurnished,urban,12385795
2207,1,3,1,5,1,unfurnished,suburban,6877920
3277,4,3,1,5,0,semi-furnished,rural,10146326
2233,5,3,1,19,2,furnished,suburban,7204515
4010,1,3,2,19,1,furnished,urban,12400316
702,5,3,1,20,2,semi-furnished,rural,2302183
3755,2,2,2,2,1,semi-furnished,suburban,11648860
4718,1,1,1,16,1,furnished,rural,14258624
4996,5,1,1,16,2,semi-furnished,suburban,15300515
1266,2,2,1,11,1,furnished,urban,4293781
4889,4,2,1,15,1,furnished,suburban,15083705
2827,2,2,2,14,2,unfurnished,rural,8660326
3431,3,2,2,12,1,unfurnished,rural,10459756
697,2,3,2,22,1,furnished,rural,2321390
2430,2,1,2,0,1,furnished,rural,7688369
4082,3,3,1,16,2,furnished,urban,12776821
1108,5,1,2,2,0,furnished,suburban,3873589
3772,5,1,2,25,2,furnished,urban,11780116
1647,2,2,1,14,0,furnished,urban,5374181
4782,3,3,1,3,1,semi-furnished,urban,14810786
3897,3,2,1,3,0,furnished,rural,12105686
3011,4,3,1,17,2,semi-furnished,rural,9259425
2294,5,1,2,16,2,semi-furnished,rural,7102286
1159,1,2,2,18,1,furnished,suburban,3722994
3311,5,2,1,10,0,furnished,rural,10373198
1869,5,1,1,19,1,semi-furnished,suburban,5833639
2486,4,1,1,2,1,semi-furnished,rural,7695205
646,1,1,2,7,2,furnished,rural,2224677
3719,4,2,2,13,0,furnished,urban,11699930
3411,1,3,1,25,0,semi-furnished,urban,10386313
2234,2,2,1,0,0,semi-furnished,urban,7145851
2343,1,3,2,13,0,semi-furnished,suburban,7261509
988,4,2,1,1,1,unfurnished,suburban,3342316
3476,5,2,1,28,1,semi-furnished,rural,10495304
2459,1,1,2,22,2,unfurnished,suburban,7503058
2885,1,3,1,3,1,furnished,rural,9012876
3419,3,2,2,23,1,furnished,suburban,10622366
2302,5,2,1,26,2,semi-furnished,suburban,7099403
4561,2,1,1,28,2,furnished,suburban,13893052
3869,4,1,2,18,2,furnished,urban,12161627
762,2,3,2,5,1,furnished,suburban,2799495
1123,5,2,1,24,1,furnished,urban,3830932
1516,1,3,2,0,2,unfurnished,urban,5054090
4143,1,2,1,16,2,unfurnished,suburban,12545701
2549,5,3,1,7,2,semi-furnished,rural,7950385
4223,1,1,2,18,1,semi-furnished,rural,12718226
3608,1,2,1,20,1,semi-furnished,rural,10801241
4590,1,3,1,0,0,furnished,suburban,14160367
2556,4,1,2,4,1,furnished,rural,8123030
3670,4,1,2,26,1,unfurnished,urban,11276505
2182,3,3,1,15,1,unfurnished,rural,6679332
2755,2,2,2,5,2,semi-furnished,suburban,8630178
1654,5,2,2,7,1,unfurnished,rural,5328325
4999,5,1,2,12,2,unfurnished,urban,15462268
3691,5,2,2,15,0,unfurnished,suburban,11449486
2196,3,2,1,29,0,unfurnished,rural,6523563
4491,4,2,1,2,2,unfurnished,suburban,13879404
2148,3,1,1,18,2,semi-furnished,suburban,6629182
1945,5,3,2,11,2,semi-furnished,suburban,6267991
4699,2,2,2,15,1,unfurnished,rural,14204663
4423,1,1,2,26,0,semi-furnished,suburban,13284886
753,4,1,2,10,2,furnished,rural,2692848
3683,4,3,2,9,1,unfurnished,urban,11523127
3057,3,2,2,24,0,furnished,rural,9378692
598,4,2,2,19,1,semi-furnished,urban,2208389
2700,5,3,1,3,0,semi-furnished,rural,8437500
3461,5,3,1,11,1,furnished,suburban,10906785
4933,3,1,2,22,0,semi-furnished,rural,14873146
4277,5,1,2,1,0,unfurnished,suburban,13320126
3369,2,3,2,23,1,furnished,urban,10561979
3734,3,2,1,21,2,unfurnished,rural,11279997
4291,2,1,1,18,0,furnished,suburban,13070170
1456,1,1,2,24,2,semi-furnished,urban,4491303
4567,2,2,2,4,1,furnished,urban,14292743
660,1,1,1,7,2,furnished,rural,2247852
4993,1,2,1,6,2,unfurnished,urban,15294187
1800,2,2,1,13,2,semi-furnished,suburban,5625034
4487,3,2,1,23,2,unfurnished,urban,13742776
2027,5,3,2,22,2,semi-furnished,urban,6472893
1718,5,3,1,2,0,unfurnished,suburban,5577753
4996,1,3,1,17,0,furnished,urban,15336090
3604,1,2,2,15,0,unfurnished,urban,11066922
3235,3,2,1,22,1,semi-furnished,urban,9981768
1454,4,3,1,18,2,semi-furnished,urban,4761412
3946,2,1,1,18,0,furnished,suburban,12084030
1545,1,2,2,17,1,semi-furnished,urban,4842509
2193,5,1,1,19,0,unfurnished,suburban,6827653
3936,3,1,2,15,0,furnished,urban,12254929
1062,2,2,2,7,2,semi-furnished,urban,3594291
2985,3,2,1,27,1,semi-furnished,urban,9109042
3854,2,1,1,0,2,unfurnished,urban,11984574
725,2,1,1,16,2,unfurnished,suburban,2312201
1459,1,3,1,11,0,furnished,suburban,4739282
3567,3,3,2,29,2,semi-furnished,suburban,10835016
1315,3,2,1,20,1,unfurnished,rural,3990022
3620,5,3,1,10,2,furnished,urban,11507938
516,5,3,1,4,2,semi-furnished,urban,2121678
1743,1,3,2,26,2,semi-furnished,suburban,5340720
2705,1,3,1,11,0,furnished,rural,8341805
3024,4,1,1,16,1,furnished,urban,9576323
1569,5,2,2,5,0,unfurnished,suburban,5098986
3944,2,3,2,0,0,semi-furnished,urban,12328478
3065,3,1,1,4,0,semi-furnished,urban,9607994
1560,1,1,1,24,0,semi-furnished,suburban,4622161
2827,3,1,1,27,0,furnished,suburban,8651689
3920,3,3,1,13,1,unfurnished,urban,12174699
801,4,3,1,4,2,semi-furnished,urban,2943924
4776,5,2,2,21,0,furnished,suburban,14807273
1106,1,3,2,23,0,semi-furnished,urban,3532308
3670,3,3,1,26,1,unfurnished,urban,11263745
1199,1,1,1,0,1,semi-furnished,suburban,3788211
1639,2,2,2,29,2,unfurnished,urban,5057229
690,4,3,1,17,1,unfurnished,urban,2448542
2800,2,3,1,15,2,semi-furnished,rural,8484345
1480,1,1,1,8,0,semi-furnished,suburban,4561819
3475,1,1,1,18,0,unfurnished,rural,10362779
1684,5,3,1,21,2,furnished,rural,5444421
3827,3,2,2,4,1,unfurnished,rural,11793244
3894,3,2,1,26,2,semi-furnished,urban,11927584
627,2,1,1,1,1,semi-furnished,urban,2230950
2565,4,1,1,29,0,furnished,rural,7790173
2316,3,3,2,14,1,unfurnished,rural,7156032
1069,5,1,2,6,2,unfurnished,rural,3596273
2395,2,3,2,3,2,unfurnished,urban,7643036
3233,2,2,2,0,0,semi-furnished,rural,9960356
4363,5,2,1,12,1,unfurnished,rural,13303292
4514,4,3,2,19,1,furnished,suburban,13945052
3401,5,1,1,21,1,semi-furnished,suburban,10427377
2186,4,2,1,6,0,semi-furnished,urban,7037317
3509,5,1,2,14,1,unfurnished,suburban,10884838
654,5,2,2,22,2,furnished,suburban,2439819
3037,1,3,2,13,1,semi-furnished,suburban,9286620
1909,2,3,2,22,0,semi-furnished,urban,5957461
4557,5,3,2,18,1,unfurnished,suburban,14001750
1284,5,2,1,21,1,unfurnished,urban,4260426
3675,3,1,2,28,2,furnished,rural,11233719
4841,2,1,2,23,1,unfurnished,suburban,14582472
3306,3,1,2,19,2,furnished,urban,10397263
1037,2,2,1,28,2,semi-furnished,suburban,3178602
2341,3,2,2,23,0,furnished,rural,7208523
2955,5,2,1,17,2,furnished,urban,9415766
1024,5,2,2,9,2,furnished,urban,3778060
3450,1,2,2,8,0,semi-furnished,urban,10619079
4631,3,1,1,24,2,unfurnished,rural,13871399
4615,4,2,2,7,0,semi-furnished,rural,14125726
2868,1,2,1,25,1,unfurnished,rural,8566906
4347,3,1,1,29,0,furnished,urban,13287532
4995,3,2,1,28,2,furnished,rural,15177357
3201,1,1,2,9,0,furnished,suburban,9916162
1471,5,1,2,16,2,furnished,rural,4756749
1666,3,3,2,1,1,furnished,urban,5639353
3274,5,3,1,5,0,unfurnished,suburban,10230477
2482,1,3,2,25,1,unfurnished,rural,7410570
1353,5,3,1,4,2,furnished,suburban,4725373
4646,2,2,2,27,2,semi-furnished,suburban,14009437
4236,4,3,1,29,1,semi-furnished,urban,12956104
4269,3,1,1,8,0,furnished,suburban,13210370
1074,4,2,1,4,0,unfurnished,suburban,3536551
3761,5,3,2,17,2,semi-furnished,urban,11791359
1648,3,1,1,25,1,semi-furnished,urban,5138880
2215,5,2,1,19,1,semi-furnished,urban,6987916
4354,2,2,1,8,0,furnished,suburban,13462703
2991,1,3,1,16,0,semi-furnished,suburban,9084445
3160,3,2,1,26,0,semi-furnished,suburban,9567636
3624,2,1,1,16,1,semi-furnished,urban,11125927
3551,2,2,2,11,0,semi-furnished,rural,10811194
504,3,1,2,6,0,unfurnished,suburban,1791685
1376,5,2,1,26,2,furnished,rural,4409134
1491,2,3,2,2,0,furnished,urban,5111916
4642,4,1,2,9,0,unfurnished,suburban,14290455
4864,2,2,1,1,1,unfurnished,rural,14819847
4965,5,2,1,24,1,furnished,suburban,15264993
1135,5,2,1,2,2,semi-furnished,suburban,3869333
2193,4,1,2,15,0,semi-furnished,suburban,6847865
2182,2,1,1,1,2,furnished,rural,6925096
619,5,1,2,27,1,semi-furnished,urban,2166756
1330,3,3,1,23,2,unfurnished,suburban,4191192
4175,1,3,2,9,1,semi-furnished,urban,12885686
1869,1,1,1,5,2,semi-furnished,urban,5915733
1240,1,2,1,21,2,semi-furnished,rural,3675993
616,2,3,2,25,0,furnished,rural,1998492
3338,4,1,2,10,2,unfurnished,urban,10434981
1650,5,2,2,22,0,semi-furnished,suburban,5194143
2431,3,3,2,6,0,furnished,rural,7730603
1512,3,2,2,26,0,semi-furnished,suburban,4705452
2164,2,2,2,28,0,unfurnished,suburban,6562277
1581,1,2,1,14,2,semi-furnished,suburban,4892990
1012,2,2,2,5,1,unfurnished,urban,3458888
3349,4,3,1,19,1,semi-furnished,suburban,10326351
1059,4,3,1,26,1,unfurnished,urban,3514372
4172,5,3,2,8,2,semi-furnished,urban,13095999
3843,5,1,1,21,0,unfurnished,suburban,11759309
4570,4,3,2,19,1,semi-furnished,suburban,13972446
1970,4,2,2,11,2,semi-furnished,suburban,6260733
1080,4,3,1,18,0,furnished,suburban,3666000
2794,2,2,1,19,1,furnished,urban,8760632
3647,4,1,2,2,0,unfurnished,suburban,11302576
4749,3,2,2,14,1,semi-furnished,suburban,14470320
2179,1,2,1,1,1,unfurnished,urban,6857750
4006,4,2,1,29,1,furnished,rural,12201463
3244,1,1,1,20,0,unfurnished,rural,9628572
3856,2,3,1,1,2,unfurnished,urban,11995948
4545,1,3,2,21,0,furnished,rural,13783826
1743,2,1,2,2,1,semi-furnished,urban,5678051
3618,3,2,2,5,0,unfurnished,suburban,11171867
2641,2,3,2,14,2,furnished,suburban,8353231
3559,2,1,1,26,0,semi-furnished,rural,10603262
3459,5,3,1,9,2,furnished,suburban,10998356
2765,4,1,2,8,2,unfurnished,rural,8587233
2979,4,2,2,0,0,semi-furnished,rural,9271678
2135,3,3,2,15,1,semi-furnished,suburban,6657963
2257,3,1,2,5,2,furnished,suburban,7285360
4952,4,3,2,8,0,furnished,rural,15295434
2570,5,3,2,26,2,furnished,suburban,8176617
3349,4,3,2,3,1,semi-furnished,urban,10577269
3751,5,3,2,26,0,semi-furnished,suburban,11539312
4230,3,1,2,27,0,unfurnished,suburban,12827352
2989,1,2,1,1,0,semi-furnished,urban,9336732
2131,3,1,2,28,1,unfurnished,suburban,6524494
3316,3,1,1,3,2,furnished,suburban,10466905
1515,2,1,1,0,0,furnished,rural,4892225
1848,2,2,2,18,2,semi-furnished,suburban,5776867
3587,2,3,2,25,2,furnished,suburban,11058528
3339,2,3,1,24,1,furnished,urban,10405972
835,5,3,1,9,0,semi-furnished,rural,2810602
1395,4,2,2,20,2,unfurnished,rural,4411261
4046,1,3,1,14,0,semi-furnished,rural,12218748
1351,3,2,2,26,0,unfurnished,suburban,4166332
2187,5,3,2,21,1,semi-furnished,rural,6831937
2431,1,3,2,18,0,semi-furnished,urban,7561929
4246,5,1,1,15,0,furnished,rural,13077206
2927,5,2,1,20,2,semi-furnished,urban,9212137
2068,3,1,2,26,1,semi-furnished,rural,6176251
4500,4,1,1,23,0,unfurnished,rural,13535717
3238,2,1,1,21,2,furnished,urban,10113108
3998,4,2,1,3,1,unfurnished,rural,12261027
4413,3,2,1,1,1,unfurnished,rural,13546382
1566,3,3,1,29,2,furnished,rural,4914551
4880,3,1,1,24,2,furnished,suburban,14869583
2944,1,3,1,12,2,furnished,urban,9282387
4607,4,1,2,27,2,semi-furnished,rural,13874104
3873,4,2,1,0,2,furnished,urban,12271224
4469,5,2,1,16,0,furnished,urban,13957624
3046,5,2,1,12,0,furnished,urban,9724058
1253,5,1,1,3,1,unfurnished,rural,4115372
2582,3,2,1,6,0,unfurnished,rural,7915299
3274,4,1,1,16,0,semi-furnished,urban,10160572
3396,3,3,1,8,0,unfurnished,suburban,10523469
4685,1,1,1,3,2,semi-furnished,urban,14412928
1275,5,3,2,18,1,unfurnished,suburban,4208474
2125,3,1,1,0,1,furnished,urban,6919141
3569,3,3,1,9,1,unfurnished,urban,11090350
917,1,2,1,3,1,semi-furnished,urban,3116082
614,2,3,1,8,0,unfurnished,rural,2012871
1116,4,2,2,12,0,furnished,suburban,3773077
4474,2,2,2,13,2,semi-furnished,suburban,13668015
3767,5,3,2,9,1,furnished,urban,12022147
1325,3,1,2,5,0,furnished,rural,4344180
2016,1,1,2,15,0,semi-furnished,rural,6048857
3646,1,1,2,5,2,furnished,suburban,11347840
912,4,1,2,16,2,furnished,rural,3085902
1228,2,1,2,9,2,unfurnished,suburban,3899577
3848,4,2,2,17,0,furnished,suburban,11934002
3308,3,1,2,26,0,furnished,suburban,10174711
1175,4,2,2,21,2,furnished,rural,3834451
3965,1,2,2,17,1,furnished,suburban,12234811
3004,1,2,2,2,2,semi-furnished,suburban,9321103
3467,5,3,2,19,2,unfurnished,urban,10849647
3286,5,3,2,26,2,furnished,suburban,10292831
1622,3,2,2,20,2,furnished,suburban,5292498
4579,2,3,1,24,0,semi-furnished,urban,13972119
2071,4,1,2,27,1,furnished,urban,6639830
2643,3,1,1,14,2,semi-furnished,rural,8079632
2187,5,2,2,14,1,unfurnished,suburban,6917833
4632,4,1,2,3,1,unfurnished,rural,14238864
4351,5,2,1,28,1,furnished,rural,13267398
3940,4,2,2,26,2,furnished,urban,12301554
4266,2,1,1,8,0,furnished,rural,13038755
2826,3,3,1,26,2,semi-furnished,suburban,8605706
3414,4,1,1,25,1,furnished,urban,10604340
4452,1,1,2,18,1,furnished,suburban,13620994
1095,1,2,2,23,0,unfurnished,suburban,3358884
1228,4,2,2,27,2,furnished,urban,4178361
1865,4,2,1,16,1,unfurnished,suburban,5822482
4992,4,2,1,10,0,furnished,urban,15530225
1198,1,3,2,24,1,unfurnished,suburban,3702849
895,1,3,2,8,0,furnished,urban,3199854
4671,4,3,2,9,0,unfurnished,rural,14284256
4860,5,2,2,17,2,semi-furnished,suburban,14971110
3002,5,2,2,19,1,unfurnished,urban,9390650
2319,2,2,1,12,2,unfurnished,suburban,7173118
1217,3,3,1,7,1,unfurnished,suburban,3959930
3282,5,2,1,6,2,furnished,suburban,10461707
4077,1,1,2,16,1,furnished,urban,12562801
643,5,1,1,20,2,furnished,rural,2240360
3640,2,2,1,22,0,semi-furnished,rural,10937908
4991,2,1,1,14,1,semi-furnished,rural,14989559
3438,3,1,1,19,1,unfurnished,urban,10546334
4136,5,3,1,14,0,semi-furnished,rural,12611288
3722,1,2,2,0,2,unfurnished,urban,11568398
1667,1,2,1,24,1,unfurnished,suburban,5057230
3116,4,3,2,13,1,unfurnished,suburban,9670191
1562,1,1,2,4,2,semi-furnished,rural,4814051
2656,3,1,2,10,0,furnished,urban,8489715
3482,3,2,2,15,2,semi-furnished,suburban,10686737
3794,1,1,2,1,2,unfurnished,urban,11787140
1656,1,3,1,7,2,unfurnished,urban,5293251
1232,4,3,1,10,1,semi-furnished,suburban,4046975
4830,1,2,2,28,0,unfurnished,urban,14555147
1453,4,3,2,17,0,unfurnished,suburban,4659508
3039,4,3,2,2,2,semi-furnished,suburban,9609224
3824,1,2,1,29,1,semi-furnished,suburban,11421643
3801,2,3,2,25,2,semi-furnished,urban,11651967
2042,2,3,1,0,1,unfurnished,suburban,6524850
1691,4,3,2,10,1,unfurnished,urban,5553733
3493,1,1,1,15,1,furnished,suburban,10753003
3181,2,2,2,17,1,furnished,suburban,9867808
1717,1,2,1,29,0,semi-furnished,rural,5028288
2040,1,2,2,15,1,furnished,rural,6338959
3736,1,1,1,22,1,unfurnished,rural,11079849
2886,5,1,1,9,2,furnished,urban,9296178
4219,1,2,1,17,2,unfurnished,urban,12894136
1888,5,1,1,5,0,semi-furnished,suburban,6044740
2356,4,2,1,18,2,semi-furnished,suburban,7364322
1865,2,1,1,3,1,unfurnished,suburban,5849565
999,2,3,1,26,2,furnished,suburban,3227183
2180,2,3,2,12,0,semi-furnished,urban,6841132
1010,2,2,2,23,2,semi-furnished,suburban,3168259
4812,2,1,2,13,2,furnished,suburban,14852612
1824,2,1,2,2,0,furnished,rural,5825668
1655,2,3,2,9,0,unfurnished,suburban,5233563
2327,4,3,1,5,1,furnished,suburban,7573227
3641,1,1,1,0,2,furnished,suburban,11293931
3986,3,1,1,22,1,furnished,urban,12351169
2310,5,1,1,23,2,unfurnished,rural,7060639
3423,3,1,1,26,2,unfurnished,suburban,10377901
2714,3,1,2,13,1,semi-furnished,suburban,8343044
4686,1,1,2,7,2,unfurnished,rural,14184691
1213,1,2,2,18,2,semi-furnished,suburban,3763363
4102,1,1,2,13,2,furnished,urban,12722694
4634,2,3,1,9,0,semi-furnished,suburban,14093582
4022,4,2,1,16,1,semi-furnished,urban,12455910
4768,2,1,1,8,0,furnished,urban,14760844
1743,4,3,2,28,1,semi-furnished,suburban,5410301
4209,4,2,1,5,1,unfurnished,rural,12921329
1581,3,3,2,10,2,unfurnished,urban,5154620
955,3,1,1,24,1,unfurnished,rural,2877224
1394,4,1,1,6,0,unfurnished,suburban,4498655
1884,4,1,2,16,0,semi-furnished,urban,6047419
2458,2,1,1,27,0,semi-furnished,suburban,7361534
3572,2,2,1,27,1,furnished,rural,10805390
2496,3,2,2,0,0,semi-furnished,suburban,7899629
4785,1,3,1,21,1,semi-furnished,suburban,14450856
1004,4,1,2,4,0,semi-furnished,urban,3481252
1714,2,3,1,8,0,furnished,suburban,5547809
2031,3,2,1,17,1,unfurnished,suburban,6265259
3940,2,1,1,23,0,semi-furnished,suburban,11830655
1323,4,1,1,26,2,furnished,urban,4352005
1428,4,2,1,20,1,furnished,rural,4535629
633,5,2,1,1,1,furnished,rural,2382610
2605,1,2,1,28,1,unfurnished,suburban,7812184
4127,5,2,1,25,2,semi-furnished,urban,12692602
2352,3,2,2,10,1,furnished,suburban,7551945
4675,2,1,2,26,0,unfurnished,rural,13936110
3433,3,2,1,27,0,furnished,urban,10585073
3784,4,1,1,5,0,furnished,rural,11752818
4798,5,1,2,25,1,furnished,rural,14634195
3311,5,2,1,7,0,furnished,urban,10514537
1750,5,2,1,3,1,furnished,urban,5907138
4012,3,1,2,17,0,unfurnished,suburban,12220328
1756,4,2,1,27,2,semi-furnished,suburban,5434202
3876,2,2,1,10,2,semi-furnished,rural,11758164
3986,2,2,2,4,2,semi-furnished,urban,12437743
4084,3,3,1,14,2,semi-furnished,urban,12636659
1896,5,1,1,27,1,unfurnished,suburban,5894155
4137,1,3,2,17,0,unfurnished,rural,12460692
3830,3,2,1,1,2,unfurnished,rural,11744845
3203,3,3,2,21,1,furnished,suburban,10028846
970,4,2,1,10,2,furnished,urban,3480562
1853,2,3,1,25,2,furnished,suburban,5807036
3283,3,2,2,24,1,semi-furnished,suburban,10029752
3331,3,3,2,12,1,furnished,suburban,10487233
857,5,3,1,3,0,semi-furnished,suburban,3054049
3519,5,3,2,21,0,furnished,urban,11135681
1167,1,1,2,6,2,semi-furnished,suburban,3718818
4968,4,3,1,28,2,furnished,urban,15324544
1645,1,1,1,10,0,furnished,suburban,5217532
4685,5,2,1,21,0,unfurnished,rural,14223636
4219,2,3,2,23,1,furnished,urban,13074705
3245,5,2,2,3,0,furnished,rural,10215104
1039,4,2,2,27,0,unfurnished,suburban,3306603
3279,5,3,2,14,2,semi-furnished,suburban,10266025
4636,4,1,1,0,0,unfurnished,suburban,14324264
4275,4,3,2,22,2,unfurnished,urban,13197317
3008,4,2,1,2,0,semi-furnished,rural,9285416
3279,4,2,2,13,1,furnished,urban,10409012
1424,4,3,1,5,0,semi-furnished,urban,4770045
3456,2,1,1,17,0,furnished,suburban,10589400
2081,1,1,1,24,0,furnished,rural,6271270
3824,3,2,2,0,2,semi-furnished,suburban,11924069
4985,1,2,1,5,1,unfurnished,urban,15274833
755,4,1,1,5,0,semi-furnished,suburban,2598644
2338,2,3,2,20,2,furnished,rural,7304206
2444,5,2,1,15,1,semi-furnished,suburban,7671468
509,2,1,2,28,2,semi-furnished,rural,1506473
3371,4,2,2,4,2,furnished,rural,10598809
1297,2,3,1,16,1,unfurnished,suburban,4069328
1515,2,1,1,9,0,semi-furnished,urban,4811784
2324,4,2,2,27,2,furnished,suburban,7305723
4969,2,3,1,20,2,furnished,urban,15337646
3636,3,2,2,17,0,semi-furnished,urban,11244255
2693,3,3,2,6,0,unfurnished,suburban,8389074
723,2,3,2,2,1,semi-furnished,urban,2615498
4658,5,1,1,12,1,unfurnished,urban,14409522
4425,4,3,2,14,1,unfurnished,suburban,13671881
4500,3,2,1,19,0,unfurnished,suburban,13630541
2133,5,3,1,18,2,unfurnished,suburban,6734929
2652,2,3,1,2,2,semi-furnished,urban,8382028
1010,5,1,1,3,1,furnished,rural,3469545
884,1,3,2,4,0,furnished,urban,3211569
904,3,3,1,0,2,furnished,rural,3163673
2500,2,2,2,3,1,furnished,suburban,7960974
3256,4,1,2,11,2,furnished,rural,10166899
2168,2,1,1,27,2,furnished,suburban,6667097
1960,4,1,2,26,0,semi-furnished,suburban,6073144
4136,2,3,2,23,0,unfurnished,rural,12462824
3224,5,1,1,9,2,furnished,suburban,10165525
4678,5,3,2,22,1,semi-furnished,rural,14261804
2548,5,3,2,24,0,furnished,suburban,8039043
4646,1,2,2,20,2,furnished,urban,14309846
1216,4,2,2,28,0,unfurnished,urban,3935261
2323,5,2,1,25,0,unfurnished,suburban,7169227
2581,1,2,2,19,0,unfurnished,suburban,7846028
3919,4,2,2,23,2,furnished,rural,12044383
2074,2,3,2,24,1,furnished,urban,6601483
749,1,3,2,12,1,furnished,rural,2474265
1173,3,1,1,22,1,unfurnished,suburban,3611763
2665,1,3,2,13,0,semi-furnished,suburban,8210652
1270,1,3,1,22,2,furnished,rural,3925733
4462,4,2,2,4,0,furnished,suburban,13977038
4863,2,3,1,3,1,furnished,urban,15146420
2484,3,2,1,13,1,semi-furnished,rural,7551247
1577,5,1,1,9,2,furnished,urban,5324840
735,5,1,1,16,0,semi-furnished,urban,2580149
888,1,3,1,9,1,furnished,urban,3095058
3537,4,1,2,25,2,semi-furnished,rural,10695929
2348,4,3,2,6,0,furnished,suburban,7638171
3314,5,1,2,15,0,unfurnished,urban,10393164
3874,3,2,1,0,1,unfurnished,urban,12073362
3778,2,2,2,16,1,unfurnished,urban,11670489
1752,3,2,1,20,0,unfurnished,suburban,5440664
4481,2,2,1,28,0,furnished,suburban,13610356
2622,5,3,2,8,1,unfurnished,rural,8253597
2650,2,1,2,5,0,semi-furnished,suburban,8166041
1829,4,3,1,18,1,unfurnished,rural,5685209
1858,1,2,1,12,0,unfurnished,rural,5615954
2982,1,3,2,2,1,unfurnished,rural,9177869
2517,5,1,2,6,2,furnished,rural,8012059
1831,4,3,2,21,1,unfurnished,rural,5722864
4844,3,1,2,8,1,semi-furnished,urban,14926722
4761,4,3,1,21,2,unfurnished,suburban,14510548
1858,1,1,2,4,0,unfurnished,urban,5859078
3677,1,1,2,9,2,unfurnished,rural,11096419
2628,4,2,2,22,1,semi-furnished,suburban,8109490
2680,4,1,1,16,0,unfurnished,urban,8376086
637,1,2,1,11,2,semi-furnished,urban,2199760
3972,3,2,1,22,0,semi-furnished,rural,11926337
3332,5,2,1,15,0,unfurnished,urban,10347468
4079,5,3,2,2,2,semi-furnished,urban,12851309
3531,4,3,1,29,0,furnished,urban,10999344
4664,5,3,2,24,2,unfurnished,urban,14452283
3093,1,3,2,21,1,unfurnished,urban,9531255
4800,1,1,2,8,0,semi-furnished,rural,14511899
4318,4,1,2,28,1,semi-furnished,rural,12982718
4638,4,3,1,14,1,unfurnished,urban,14368337
4323,4,1,1,4,0,furnished,rural,13336841
4542,3,1,1,22,2,semi-furnished,rural,13689548
2406,5,2,2,12,0,semi-furnished,suburban,7621565
1260,4,2,2,13,1,furnished,urban,4356660
3945,2,2,2,19,1,furnished,rural,12055281
1399,2,2,2,14,2,unfurnished,rural,4287767
4955,1,1,2,15,0,furnished,urban,15178895
3447,5,3,1,22,1,unfurnished,suburban,10629026
2219,4,1,2,12,1,furnished,urban,7209968
780,2,1,1,16,1,semi-furnished,suburban,2460097
3766,5,1,2,22,2,unfurnished,urban,11643332
2387,1,2,2,7,1,unfurnished,urban,7465621
3766,3,2,1,20,1,unfurnished,urban,11594870
1166,5,2,1,1,0,furnished,urban,4156174
4688,5,3,2,4,0,semi-furnished,suburban,14593189
1171,3,1,2,5,1,unfurnished,suburban,3833502
2469,5,3,2,11,1,unfurnished,rural,7723674
4656,1,2,2,17,0,unfurnished,urban,14175260
3622,1,3,1,29,2,unfurnished,suburban,10888498
4400,3,1,2,21,2,semi-furnished,suburban,13407609
1023,4,1,1,21,2,furnished,suburban,3418464
2893,2,2,2,0,2,semi-furnished,urban,9180805
3617,4,2,1,29,2,unfurnished,rural,10915919
3093,5,3,1,16,2,semi-furnished,suburban,9643469
2468,2,2,2,29,2,unfurnished,urban,7561194
2253,3,2,1,10,2,furnished,suburban,7175811
2796,3,1,2,9,0,furnished,suburban,8830377
2761,2,2,1,18,2,furnished,rural,8486723
2786,1,2,2,13,2,unfurnished,suburban,8583235
4702,2,1,1,25,2,semi-furnished,suburban,14192298
3378,5,1,2,9,1,furnished,urban,10783238
4643,1,3,2,14,0,unfurnished,urban,14161147
4144,3,2,1,27,0,unfurnished,rural,12460919
4932,2,1,1,18,0,semi-furnished,urban,15035251
2555,4,3,1,3,2,furnished,urban,8343445
1776,4,3,1,1,2,unfurnished,rural,5691803
3266,5,2,2,8,1,semi-furnished,suburban,10239108
802,4,2,1,9,0,furnished,rural,2718013
1138,2,3,2,27,2,semi-furnished,urban,3689617
555,2,1,1,10,0,semi-furnished,rural,1767410
1025,4,3,2,13,1,unfurnished,suburban,3438502
4623,2,2,2,6,1,unfurnished,rural,14056755
2625,5,1,2,22,1,unfurnished,urban,8193733
3787,1,1,2,14,0,semi-furnished,urban,11540479
864,5,3,1,21,2,unfurnished,rural,2827361
2146,5,2,1,18,2,semi-furnished,suburban,6719304
1418,2,3,2,21,1,semi-furnished,rural,4319694
3297,1,3,1,14,2,unfurnished,suburban,10102171
2031,2,3,1,29,1,furnished,suburban,6339296
3845,3,1,2,27,0,furnished,rural,11634490
2406,2,1,1,23,1,furnished,suburban,7399252
3586,2,2,1,7,0,semi-furnished,urban,11044862
2575,2,2,1,10,1,semi-furnished,rural,7864959
1213,1,3,2,28,2,semi-furnished,suburban,3679450
1562,2,3,1,8,2,unfurnished,urban,5082022
2476,1,3,2,14,1,semi-furnished,rural,7539991
1796,4,2,1,0,2,unfurnished,urban,5918927
625,3,1,1,29,2,unfurnished,urban,2083090
4096,1,1,1,0,2,furnished,urban,12797853
3783,4,3,2,18,0,furnished,suburban,11770826
2103,1,3,2,2,2,furnished,rural,6691879
566,1,3,1,9,0,unfurnished,rural,1795265
732,3,3,2,7,1,unfurnished,suburban,2588361
2656,5,2,1,14,2,unfurnished,rural,8245990
1669,5,1,2,9,2,semi-furnished,urban,5556787
2658,1,3,2,0,2,unfurnished,rural,8270184
4706,2,2,1,28,1,furnished,suburban,14298736
1993,4,3,1,17,0,furnished,urban,6463530
4507,2,3,1,1,0,unfurnished,suburban,13869052
2972,2,1,1,18,2,unfurnished,urban,9143058
3160,1,3,2,12,1,furnished,urban,9974094
3239,1,1,2,21,1,unfurnished,rural,9711255
2261,1,1,2,0,1,furnished,urban,7267886
4014,1,1,1,1,1,semi-furnished,suburban,12315721
2475,5,2,1,28,1,furnished,rural,7652387
2862,1,2,2,15,0,semi-furnished,suburban,8697575
1376,5,1,1,14,0,unfurnished,urban,4497643
4312,5,3,2,12,0,unfurnished,suburban,13296100
3948,1,1,2,15,2,semi-furnished,suburban,12004356
1812,3,3,2,16,1,unfurnished,urban,5773856
1960,4,1,2,20,2,semi-furnished,rural,6018169
3209,2,3,2,28,1,unfurnished,suburban,9715804
2824,5,2,1,28,0,furnished,urban,8877790
2233,4,3,1,6,2,unfurnished,rural,6989988
2105,3,1,1,23,0,furnished,rural,6481448
3063,2,2,2,25,1,furnished,rural,9337506
3921,2,3,2,16,1,semi-furnished,suburban,12030904
4017,5,3,2,6,1,unfurnished,suburban,12548306
2897,1,3,2,12,0,semi-furnished,suburban,8853305
4235,3,3,1,4,1,unfurnished,rural,12924969
3370,5,3,1,25,0,furnished,suburban,10452404
1660,3,2,2,16,2,furnished,urban,5458989
742,1,2,2,2,1,unfurnished,suburban,2531305
3090,1,2,2,6,1,unfurnished,suburban,9505983
1563,5,2,1,25,1,semi-furnished,rural,4798462
4824,1,1,1,16,2,unfurnished,suburban,14541360
3095,4,2,1,6,1,unfurnished,urban,9780657
1419,2,3,2,20,0,unfurnished,rural,4303287
505,5,3,2,0,0,semi-furnished,urban,2150472
967,3,2,1,16,1,unfurnished,rural,3022313
4670,4,3,2,29,1,furnished,rural,14244160
503,5,2,1,16,2,semi-furnished,suburban,1795789
1145,1,3,2,10,2,semi-furnished,urban,3772181
617,1,1,1,24,2,furnished,rural,1885385
3428,1,1,2,26,1,furnished,suburban,10486597
3051,1,2,1,28,2,furnished,rural,9228641
4789,3,2,1,2,2,unfurnished,rural,14631247
1346,4,2,1,14,0,furnished,rural,4384673
3262,2,3,1,28,2,unfurnished,rural,9731544
1641,3,2,1,20,0,semi-furnished,rural,4936275
2310,3,1,1,10,0,semi-furnished,rural,7063248
1223,2,3,2,25,2,furnished,suburban,3963550
724,2,2,2,27,0,unfurnished,rural,2145693
4708,1,3,2,15,1,furnished,urban,14533641
2548,3,3,1,24,1,furnished,suburban,7975749
4915,5,2,1,21,2,unfurnished,urban,15155021
2073,2,3,2,27,1,furnished,rural,6354605
2328,2,1,1,8,0,semi-furnished,urban,7274713
2417,4,1,1,23,1,furnished,rural,7431390
4734,5,3,1,23,2,unfurnished,rural,14417403
2526,5,2,1,0,2,unfurnished,suburban,8076466
4244,2,3,1,28,0,semi-furnished,suburban,12735981
1401,1,1,2,24,2,unfurnished,rural,4122493
2539,4,3,2,21,1,unfurnished,suburban,7918218
509,5,3,2,15,2,semi-furnished,urban,2058318
760,2,1,2,8,0,furnished,suburban,2705335
2173,5,3,2,18,2,semi-furnished,suburban,6865984
2719,4,3,1,11,1,furnished,urban,8719760
2560,4,2,1,18,0,semi-furnished,suburban,7941529
4213,3,2,1,21,1,furnished,rural,12800524
2119,2,1,1,8,0,semi-furnished,urban,6646402
820,4,1,2,6,2,furnished,rural,2941656
1842,3,1,2,13,0,semi-furnished,urban,5871614
2876,3,2,2,28,0,furnished,rural,8773891
3332,5,1,1,18,2,semi-furnished,rural,10217009
3324,5,1,2,18,1,unfurnished,suburban,10261832
2494,3,1,1,1,2,furnished,rural,7877836
3458,5,2,2,8,0,semi-furnished,suburban,10807953
2538,4,3,2,12,2,furnished,urban,8217362
3990,1,1,1,14,0,furnished,rural,12116745
4177,4,3,1,2,2,semi-furnished,rural,12868921
1618,3,1,2,10,2,furnished,urban,5424434
2104,3,3,2,20,1,semi-furnished,urban,6620562
4527,4,2,1,13,0,unfurnished,rural,13765510
735,5,2,2,29,1,furnished,urban,2701407
2469,5,1,2,24,0,unfurnished,suburban,7584610
4929,3,3,1,7,2,furnished,urban,15429918
2408,2,2,2,17,0,furnished,urban,7609791
875,5,1,1,18,1,furnished,rural,2943047
4030,4,1,2,15,1,semi-furnished,suburban,12387906
3135,5,2,1,1,1,unfurnished,urban,9934665
2070,4,2,2,7,0,furnished,suburban,6750246
3060,3,1,1,21,1,semi-furnished,suburban,9325864
3891,5,3,2,5,1,furnished,suburban,12309451
3465,4,3,1,11,1,semi-furnished,rural,10671148
4143,3,3,2,14,2,furnished,urban,12994890
4350,2,1,2,24,2,unfurnished,rural,13016794
1372,4,2,2,7,0,unfurnished,urban,4568888
1752,2,1,2,3,0,furnished,urban,5742749
1814,2,2,2,14,1,semi-furnished,rural,5558531
3398,1,3,2,27,2,furnished,suburban,10404608
577,5,3,2,19,1,semi-furnished,suburban,2111986
3121,4,2,2,24,1,furnished,urban,9852211
4727,2,2,2,16,2,semi-furnished,rural,14334996
1100,1,1,1,12,2,unfurnished,suburban,3446017
1565,3,3,1,17,2,furnished,suburban,5102676
2636,4,1,2,1,0,unfurnished,urban,8369560
2949,2,1,1,12,0,unfurnished,urban,9101401
2843,5,1,2,12,1,furnished,rural,8939468
2363,1,3,2,21,0,furnished,urban,7431463
1818,2,1,1,14,2,semi-furnished,suburban,5605663
4097,5,1,2,19,2,semi-furnished,suburban,12619706
4262,2,1,2,28,0,unfurnished,suburban,12824773
2690,4,1,1,26,1,semi-furnished,suburban,8183123
1492,4,1,1,9,1,semi-furnished,rural,4720346
3212,4,1,2,28,0,furnished,rural,9775718
2692,1,3,1,2,1,semi-furnished,urban,8468637
1748,4,1,1,18,1,unfurnished,urban,5504028
3554,5,2,2,2,1,semi-furnished,urban,11264370
4533,2,1,1,21,2,unfurnished,rural,13596599
2497,3,1,1,13,2,furnished,suburban,7838397
4187,5,3,2,7,0,unfurnished,urban,13106406
2651,5,3,1,26,2,semi-furnished,suburban,8210657
4518,4,2,1,22,1,furnished,urban,14021560
3610,1,2,2,29,2,semi-furnished,urban,10933503
2470,2,3,2,3,0,furnished,urban,8004943
697,1,3,2,26,2,furnished,urban,2466839
3126,2,1,1,27,1,semi-furnished,urban,9530674
1702,2,3,2,19,1,semi-furnished,suburban,5281345
2535,1,2,2,10,0,furnished,urban,8045390
977,5,1,1,25,2,furnished,suburban,3336041
1754,2,2,2,10,2,semi-furnished,rural,5451557
1422,1,1,2,26,2,unfurnished,urban,4421054
919,2,3,2,29,1,semi-furnished,suburban,2808906
2704,3,2,2,10,0,furnished,rural,8442167
3097,5,1,1,1,2,semi-furnished,rural,9598961
1620,4,1,2,29,1,unfurnished,rural,4876140
3568,2,3,2,16,1,semi-furnished,suburban,10942701
1450,3,3,1,8,1,furnished,urban,4947567
2836,4,3,2,27,2,semi-furnished,urban,8878664
2743,4,2,1,27,2,furnished,suburban,8580199
3145,2,1,1,1,2,furnished,urban,10034764
2357,1,3,1,28,2,semi-furnished,suburban,7142218
2365,2,2,2,23,2,furnished,urban,7525729
3412,3,2,1,14,2,furnished,rural,10514561
3353,4,2,1,15,2,unfurnished,urban,10449568
3728,2,3,1,24,2,unfurnished,suburban,11337302
4219,1,3,2,3,2,unfurnished,suburban,13032380
3728,2,1,2,7,1,unfurnished,rural,11388968
2871,5,1,2,8,2,furnished,suburban,9162504
3391,1,3,2,25,0,semi-furnished,urban,10330146
4256,3,2,2,25,1,furnished,urban,13168297
4725,4,2,2,4,2,furnished,rural,14701394
594,2,2,2,15,0,furnished,suburban,2140607
3174,1,1,1,12,2,semi-furnished,rural,9528939
2455,5,2,1,29,0,unfurnished,urban,7665467
1293,1,1,1,6,0,furnished,rural,4089715
2334,5,1,1,25,0,furnished,suburban,7316460
2616,3,2,2,19,0,unfurnished,rural,7964576
4606,4,2,1,16,1,furnished,suburban,14246222
3825,3,3,1,2,1,semi-furnished,suburban,11817666
3419,2,3,1,4,0,furnished,urban,10809119
3097,1,2,1,18,2,furnished,urban,9636321
3705,5,1,2,11,0,unfurnished,urban,11516779
1314,5,1,2,28,1,furnished,suburban,4255186
845,1,1,2,26,2,furnished,rural,2591459
2849,1,1,1,6,1,semi-furnished,suburban,8763246
862,2,1,2,27,1,unfurnished,urban,2783755
2943,3,3,1,8,2,unfurnished,urban,9224057
2765,5,2,2,27,0,semi-furnished,rural,8425663
2688,2,3,2,5,0,furnished,urban,8602733
3505,3,1,2,28,0,unfurnished,urban,10664157
3781,2,1,2,25,0,unfurnished,urban,11488030
1484,5,1,2,16,2,furnished,rural,4811613
2139,1,1,1,15,2,furnished,suburban,6710028
1327,1,2,2,22,2,unfurnished,urban,4227282
3230,3,1,1,2,1,furnished,rural,10015188
4031,4,2,1,20,2,unfurnished,urban,12412680
4951,3,1,1,25,0,furnished,rural,14983119
3435,4,2,1,3,1,furnished,urban,10969400
4376,2,3,1,9,0,semi-furnished,rural,13273718
626,2,1,2,4,0,furnished,urban,2384445
3677,5,2,2,20,2,semi-furnished,suburban,11316796
3556,4,3,2,21,2,furnished,urban,11215218
1103,5,1,2,29,0,unfurnished,rural,3368131
3949,1,1,1,9,0,unfurnished,urban,12035123
4646,4,1,2,11,1,furnished,suburban,14366222
4033,3,2,2,9,2,furnished,urban,12663074
3867,1,2,1,28,1,unfurnished,rural,11470825
3868,1,3,1,12,1,furnished,rural,11820839
4297,3,2,2,10,1,semi-furnished,suburban,13219322
2292,1,2,2,21,0,semi-furnished,rural,6862321
3361,4,1,1,15,1,semi-furnished,urban,10472174
3976,5,1,2,7,1,semi-furnished,urban,12413988
3917,1,1,2,7,0,semi-furnished,urban,12026507
2145,4,1,2,26,2,furnished,rural,6724244
1705,2,1,2,24,2,furnished,urban,5523644
3530,4,1,1,7,1,semi-furnished,urban,11055251
3372,5,1,1,12,0,furnished,urban,10639806
3572,4,3,1,26,2,furnished,suburban,11062901
2354,3,3,2,1,1,semi-furnished,rural,7359043
4521,5,3,2,29,1,furnished,rural,13888761
3208,2,3,2,29,0,furnished,rural,9713752
4002,3,1,2,11,1,furnished,suburban,12444993
1832,4,3,2,9,2,semi-furnished,rural,5808616
701,5,1,1,11,0,furnished,suburban,2565127
4007,2,3,2,10,2,unfurnished,suburban,12355777
4712,3,2,2,14,2,unfurnished,rural,14276453
1074,2,3,1,15,2,semi-furnished,urban,3567432
1036,4,3,2,16,1,unfurnished,urban,3575362
2125,2,1,1,25,1,semi-furnished,rural,6275976
2622,1,3,1,1,2,unfurnished,rural,8125122
885,3,2,1,17,2,unfurnished,suburban,2895404
3781,2,1,1,11,0,unfurnished,rural,11434932
974,4,1,1,18,0,semi-furnished,suburban,3159170
917,4,3,2,25,1,semi-furnished,rural,2918707
4100,2,1,1,22,1,furnished,urban,12659647
1454,4,1,1,17,0,semi-furnished,urban,4645688
1705,5,1,2,29,2,unfurnished,rural,5261840
4620,5,1,2,16,1,unfurnished,suburban,14223789
2490,5,1,1,29,2,semi-furnished,urban,7786516
4072,1,1,2,5,0,semi-furnished,suburban,12378017
4880,2,2,2,24,1,semi-furnished,rural,14617957
4658,1,3,1,14,1,furnished,rural,14138792
3213,4,2,1,2,0,unfurnished,urban,10124982
2703,1,1,2,5,1,furnished,rural,8352237
3620,4,1,1,2,0,furnished,urban,11461586
1466,4,3,1,29,1,unfurnished,suburban,4589787
3932,3,2,2,28,0,unfurnished,urban,11975252
1188,5,3,1,0,1,semi-furnished,urban,4124707
4743,4,2,1,29,2,semi-furnished,suburban,14363206
4201,3,1,1,12,2,furnished,urban,13137276
841,5,3,1,27,2,semi-furnished,urban,2826543
2224,4,3,1,20,1,semi-furnished,rural,6816135
4922,4,1,2,25,1,unfurnished,suburban,14931031
2292,1,3,2,13,2,unfurnished,urban,7198929
2259,1,2,1,12,2,semi-furnished,suburban,6962747
3712,5,2,2,26,0,unfurnished,suburban,11373851
1489,4,2,1,3,0,semi-furnished,urban,4942311
2762,2,2,1,6,0,unfurnished,rural,8441867
2982,1,1,1,21,2,unfurnished,suburban,9034780
1451,5,3,1,9,2,unfurnished,urban,4890196
1222,4,2,1,6,2,unfurnished,suburban,4069705
3889,4,1,2,20,0,semi-furnished,rural,11784894
2579,2,3,2,14,1,furnished,rural,8074640
3217,5,3,1,14,2,unfurnished,rural,9895591
2832,4,1,2,3,1,semi-furnished,urban,9043247
3876,1,1,1,22,1,semi-furnished,urban,11746893
2000,2,2,2,22,1,unfurnished,rural,5990727
785,5,3,1,5,0,furnished,urban,3006359
3995,2,3,2,23,1,unfurnished,rural,12038822
2565,1,1,1,19,2,semi-furnished,urban,7903534
1268,5,3,1,25,0,furnished,rural,4044929
3557,2,2,2,4,2,semi-furnished,suburban,11021091
4789,3,3,2,19,2,unfurnished,rural,14567378
2661,1,1,1,11,0,furnished,rural,8116519
3793,1,1,2,0,2,semi-furnished,urban,11746393
1446,1,2,1,27,2,semi-furnished,urban,4442318
3835,3,2,2,7,0,semi-furnished,urban,11949531
4650,3,3,2,0,2,unfurnished,urban,14554192
1981,4,3,1,4,1,furnished,urban,6600934
2401,2,1,2,21,2,unfurnished,urban,7474103
3951,4,2,2,5,1,unfurnished,suburban,12241840
4564,2,2,1,28,2,unfurnished,rural,13691367
554,3,2,2,20,0,furnished,rural,1865265
2323,3,3,1,2,0,unfurnished,rural,7184424
3962,4,2,1,14,2,unfurnished,suburban,12156625
3579,5,1,1,4,0,unfurnished,rural,11046622
1332,4,1,1,27,2,unfurnished,suburban,4115187
4908,2,3,1,23,0,semi-furnished,suburban,14809929
3306,4,3,2,13,1,unfurnished,suburban,10289892
2990,1,2,1,17,2,semi-furnished,rural,8960539
827,2,3,1,15,1,unfurnished,suburban,2687630
3810,2,1,2,5,1,furnished,rural,11800639
3800,5,2,2,24,2,semi-furnished,rural,11633410
4175,3,1,2,23,1,semi-furnished,urban,12734215
3554,2,2,1,13,2,semi-furnished,urban,10961385
2643,3,3,1,26,1,semi-furnished,suburban,8106580
1811,4,2,1,23,2,furnished,suburban,5820462
3691,1,2,2,7,2,unfurnished,rural,11280037
3038,5,1,1,28,0,semi-furnished,suburban,9299310
4483,3,1,2,6,2,furnished,suburban,13914008
664,2,2,1,7,2,semi-furnished,rural,2160928
4777,3,3,2,12,1,unfurnished,suburban,14684096
1322,2,3,1,5,2,semi-furnished,suburban,4325876
1443,3,1,1,17,0,furnished,rural,4503976
4925,2,3,1,1,1,unfurnished,rural,14992626
1274,4,1,2,7,1,furnished,urban,4480256
2698,2,3,2,10,0,unfurnished,rural,8273789
3656,2,2,1,0,1,unfurnished,urban,11342700
4742,1,1,1,21,1,unfurnished,suburban,14269645
4195,2,1,1,28,1,semi-furnished,rural,12518396
3952,1,2,2,5,1,furnished,rural,12123526
1414,5,1,1,15,0,furnished,rural,4551500
1808,1,3,1,26,0,furnished,suburban,5612049
4677,4,3,1,19,1,unfurnished,urban,14414366
1013,1,1,1,11,1,semi-furnished,suburban,3199317
2420,5,3,2,10,0,unfurnished,suburban,7689117
4094,4,1,2,28,0,furnished,rural,12468096
1909,3,2,1,26,0,semi-furnished,urban,5874910
3690,3,1,1,28,1,semi-furnished,suburban,11161383
4991,1,2,2,9,1,semi-furnished,rural,15114185
2055,1,3,2,2,2,furnished,suburban,6655248
1304,5,2,1,12,0,semi-furnished,suburban,4266656
1779,5,3,2,26,1,semi-furnished,rural,5468951
4077,2,1,2,2,0,unfurnished,rural,12436212
3401,5,3,1,14,1,unfurnished,urban,10688701
1887,2,1,2,15,0,semi-furnished,suburban,5850888
3261,4,1,2,28,1,semi-furnished,rural,9858282
3179,1,2,1,12,2,unfurnished,rural,9651533
2606,4,2,1,16,2,unfurnished,urban,8189954
4723,5,2,2,2,0,unfurnished,urban,14778719
3268,4,2,1,19,1,furnished,rural,10042804
